geo_entity_name,fishing_entity_name,eez_name,fao_area_name,declaration_year,started_eez_at,date_allowed_to_fish_other_eezs,date_allowed_to_fish_high_seas,area,shelf_area,ifa,percentage_of_worlds_coral_reefs,percentage_of_worlds_sea_mounts,ppr
Albania,Albania,Albania,Mediterranean and Black Sea,2002,2002,9999,9999,11105.19125,6090.163133,6090.163133,0,0,505.05
Algeria,Algeria,Algeria,Mediterranean and Black Sea,1994,1994,1982,1982,128842.9483,10524.87918,10462.94092,0,0,473.22
Angola,Angola,Angola,"Atlantic, Southeast",1980,1974,1950,1950,481291.7346,45622.34052,41561.33376,0,0.027,1293.850643
Angola,Angola,Angola,"Atlantic, Eastern Central",1980,1974,1950,1950,9392.35673,5234.3649,4230.249539,0,0,72.67243841
Antigua & Barbuda,Antigua & Barbuda,Antigua & Barbuda,"Atlantic, Western Central",1982,1982,9999,9999,107938.9977,3886.450693,3764.481047,0.063656,0.007,261.21
Argentina,Argentina,Argentina,"Pacific, Southeast",1967,1967,1967,1967,160.2872783,0,94.35134277,0,0,0
Argentina,Argentina,Argentina,"Atlantic, Southwest",1967,1967,1967,1967,1082306.331,795722.4336,198245.9916,0,0.141,1190.953622
Christmas Isl. (Australia),Christmas Isl. (Australia),Christmas Isl. (Australia),"Indian Ocean, Eastern",1979,1979,1950,1950,327992.0036,393.853885,317.4892234,0.081105,0.336,326.98
Heard & McDonald Isl. (Australia),Australia,Heard & McDonald Isl. (Australia),"Indian Ocean, Antarctic",1979,1979,1950,1950,416973.4086,5921.689709,0,0,0.027,312.32
Lord Howe Isl. (Australia),Australia,Lord Howe Isl. (Australia),"Pacific, Southwest",1979,1979,1950,1950,542349.7712,927.0885016,639.9077225,0.040071,0.141,321.64
Cocos (Keeling) Isl. (Australia),Cocos (Keeling) Isl. (Australia),Cocos (Keeling) Isl. (Australia),"Indian Ocean, Eastern",1979,1979,1950,1950,467229.243,479.4443139,185.844813,0.018126,0.215,257.45
Macquarie Isl.,Australia,Macquarie Isl. (Australia),"Pacific, Southwest",1979,1979,1950,1950,477324.8365,824.9147056,387.5897988,0,0.323,269.21
Norfolk Isl. (Australia),Norfolk Isl. (Australia),Norfolk Isl. (Australia),"Pacific, Southwest",1979,1979,1977,1977,430823.862,3752.102336,3030.402332,0,0.141,276.87
Australia,Australia,Australia,"Pacific, Southwest",1979,1979,1950,1950,707361,38471.37811,37929.09476,0.016112,0.175,57.37390328
Australia,Australia,Australia,"Pacific, Western Central",1979,1979,1950,1950,2153651,1007999.004,477935.2445,12.540222,0.309,174.0363523
Australia,Australia,Australia,"Indian Ocean, Eastern",1979,1979,1950,1950,3508256,1138373.522,653494.8225,1.494891,0.329,284.5428968
Bahamas,Bahamas,Bahamas,"Atlantic, Western Central",1977,1977,1950,1950,628026.2492,117343.8619,93762.50504,1.014894,0.175,380.91
Bahrain,Bahrain,Bahrain,"Indian Ocean, Western",1985,9999,9999,9999,8826.215292,8826.287181,6224.219956,0.262301,0,1048.79
Bangladesh,Bangladesh,Bangladesh,"Indian Ocean, Eastern",1974,1974,9999,9999,84846,65545.5848,32476.85855,0.002586,0,1743.28
Barbados,Barbados,Barbados,"Atlantic, Western Central",1979,1979,1950,1950,183773,342.063599,342.063599,0.021989,0.007,420.29
Belgium,Belgium,Belgium,"Atlantic, Northeast",1979,1969,1905,1905,3479.159649,3478.977482,2849.088204,0,0,1755.6
Bosnia & Herzegovina,Bosnia & Herzegovina,Bosnia & Herzegovina,Mediterranean and Black Sea,1994,9999,9999,9999,13.5179361,13.51793608,13.51793591,0,0,390
St Paul and St. Peter Archipelago (Brazil),Brazil,St Paul and St. Peter Archipelago (Brazil),"Atlantic, Southwest",1970,1970,1950,1950,235016.8371,0,0,0,0.081,222.2721232
St Paul and St. Peter Archipelago (Brazil),Brazil,St Paul and St. Peter Archipelago (Brazil),"Atlantic, Eastern Central",1970,1970,1950,1950,178624.4938,11.16520538,0,0,0.128,173.6319151
Fernando de Noronha (Brazil),Brazil,Fernando de Noronha (Brazil),"Atlantic, Southwest",1970,1970,1950,1950,363373.4718,548.8187154,455.4479442,0.002642,0.081,307.29
Trindade & Martin Vaz Isl. (Brazil),Brazil,Trindade & Martim Vaz Isl. (Brazil),"Atlantic, Southwest",1970,1970,1950,1950,468598.5757,202.6437491,0,0,0.047,155.66
Brazil,Brazil,Brazil (mainland),"Atlantic, Southwest",1970,1970,1950,1950,2357670.572,740376.2376,356849.6111,0.34388,0.726,619.8007752
Brazil,Brazil,Brazil (mainland),"Atlantic, Western Central",1970,1970,1950,1950,43247.58516,1931.420063,0,0,0,11.49171279
Belize,Belize,Belize,"Atlantic, Western Central",1992,1992,1950,1950,36182.09991,10490.50085,10490.50085,0.412995,0.02,511.9
Solomon Isl.,Solomon Isl.,Solomon Isl.,"Pacific, Western Central",1979,1978,1950,9999,1596464.425,33195.55241,29736.69,1.666642,1.452,265.4
Brunei Darussalam,Brunei Darussalam,Brunei Darussalam,"Pacific, Western Central",1983,1983,1970,9999,25340,8924.694634,6281.310108,0.058924,0,822.3
Bulgaria,Bulgaria,Bulgaria,Mediterranean and Black Sea,1987,1987,1950,1950,35132,11901.83075,11242.97037,0,0,906.04
Myanmar,Myanmar,Myanmar,"Indian Ocean, Eastern",1977,1977,9999,9999,511389.2346,219820.7359,141366.6449,0.661396,0,888.96
Eritrea,Eritrea,Eritrea,"Indian Ocean, Western",1993,1960,9999,9999,78382.63641,61896.22012,54887.10983,0.707439,0,1257.14
Cambodia,Cambodia,Cambodia,"Pacific, Western Central",1978,1982,1990,9999,47675.71289,47676.10913,22665.88,0.01033,0,652.71
Cameroon,Cameroon,Cameroon,"Atlantic, Eastern Central",2000,1974,1973,1973,14669.28423,11787.90414,11787.90414,0.013948,0,2169.41
Canada,Canada,Canada (Arctic),Arctic Sea,1977,1977,1950,1950,3021355.461,1743909.698,652033.2,0,0,293.9
Canada,Canada,Canada (East Coast),"Atlantic, Northwest",1977,1977,1950,1950,2276594.29,850902.8041,451116.6083,0,0.007,749.97
Canada,Canada,Canada (Pacific),"Pacific, Northeast",1977,1977,1950,1950,470238,87417.99296,83173.43,0,0.343,898.41
Cape Verde,Cape Verde,Cape Verde,"Atlantic, Eastern Central",1977,1977,1980,1980,796554.8889,5381.999479,5327.214712,0.08136,0.074,693.02
Sri Lanka,Sri Lanka,Sri Lanka,"Indian Ocean, Eastern",1977,1977,1976,1976,530945.4256,32073.84737,31230.39,0.202275,0.013,584.88
Desventuradas Isl. (Chile),Chile,Desventuradas Isl. (Chile),"Pacific, Southeast",1950,1947,1950,1950,449835.8219,502.8375253,314.9183584,0,0.168,284.34
Juan Fernandez Isl. (Chile),Chile,Juan Fernandez Islands (Chile),"Pacific, Southeast",1950,1947,1950,1950,503120.3832,492.5446079,430.5577777,0,0.114,379.97
Easter Isl. (Chile),Chile,Easter Isl. (Chile),"Pacific, Southeast",1950,1947,1950,1950,720409.9335,290.5090443,119.92807,0,0.424,115.09
Chile,Chile,Chile (mainland),"Pacific, Southeast",1950,1947,1950,1950,1972589.312,225174.6344,225174.6344,0,0.41,744.0175369
Chile,Chile,Chile (mainland),"Atlantic, Southwest",1950,1947,1950,1950,2578.259473,2545.875641,2545.875641,0,0,1.417426377
Hong Kong (China),Hong Kong,Hong Kong (China),"Pacific, Northwest",1998,1998,1998,1970,2007.635799,2008,2007.635801,0.002728,0,1483.45
China,China,China,"Pacific, Western Central",1998,1998,1950,1950,1110259.548,153819.9932,0,2.216776,0.8,163.1509774
China,China,China,"Pacific, Northwest",1998,1998,1950,1950,1126170.191,875087.6643,412515.1018,0.463695,0.054,560.5195375
Taiwan,Taiwan,Taiwan,"Pacific, Western Central",1979,1979,1950,1950,617863.9351,19274.15014,0,1.73873,0,158.3710329
Taiwan,Taiwan,Taiwan,"Pacific, Northwest",1979,1979,1950,1950,530621.2509,145762.094,57495.98302,0.539371,0.067,216.626552
Colombia,Colombia,Colombia (Caribbean),"Atlantic, Western Central",1978,1978,1975,1975,417660.731,33158.20954,30609.88153,0.215776,0.087,489.23
Colombia,Colombia,Colombia (Pacific),"Pacific, Southeast",1978,1978,1975,1975,326656.1231,16525.22837,16166.05883,0.009986,0.188,732.76
Comoros,Comoros,Comoros Isl.,"Indian Ocean, Western",1976,1976,9999,1970,164643.4049,1602.388226,1561.063565,0.082951,0.007,393.29
"Congo, R. of","Congo, R. of","Congo, R. of","Atlantic, Southeast",1977,1977,1965,1965,8707.767492,0,0,0,0,392.2978403
"Congo, R. of","Congo, R. of","Congo, R. of","Atlantic, Eastern Central",1977,1977,1965,1965,30909.79615,7769.027595,7256.209235,0,0,2392.1534
Congo (ex-Zaire),Congo (ex-Zaire),Congo (ex-Zaire),"Atlantic, Southeast",1992,1977,1950,1950,11620.93459,1367.070481,695.0064613,0,0,1839.201399
Congo (ex-Zaire),Congo (ex-Zaire),Congo (ex-Zaire),"Atlantic, Eastern Central",1992,1977,1950,1950,1518.571682,1324.934481,1324.934481,0,0,448.710876
Costa Rica,Costa Rica,Costa Rica (Pacific),"Pacific, Southeast",1975,1975,1957,1957,157019.3371,0,0,0,0.067,97.45982784
Costa Rica,Costa Rica,Costa Rica (Pacific),"Pacific, Eastern Central",1975,1975,1957,1957,388150.9599,17118.31728,16606.68954,0.175683,0.195,300.6981072
Costa Rica,Costa Rica,Costa Rica (Caribbean),"Atlantic, Western Central",1975,1975,1957,1957,26960.60989,2206.594597,2206.594597,0.01198,0,483.08
Croatia,Croatia,Croatia,Mediterranean and Black Sea,1994,1994,9999,9999,55961.08334,44843.99915,41982.73845,0,0,456.68
Cuba,Cuba,Cuba,"Atlantic, Western Central",1977,1977,1950,1950,364510.995,63995.92304,57196.30068,0.886644,0.101,397.55
Benin,Benin,Benin,"Atlantic, Eastern Central",1976,1976,1965,1965,30285.98058,3248.380993,3248.380993,0,0,745.47
Greenland,Greenland,Greenland (Denmark),"Atlantic, Northeast",1977,1977,1950,1950,1309440.687,90252.56659,52496.7975,0,0.04,249.8159875
Greenland,Greenland,Greenland (Denmark),"Atlantic, Northwest",1977,1977,1950,1950,855040.8726,154060.1388,133962.1841,0,0.007,173.5706736
Greenland,Greenland,Greenland (Denmark),Arctic Sea,1977,1977,1950,1950,113631.6914,15693.87156,92.57548372,0,0,2.640633314
Faeroe Isl. (Denmark),Faeroe Isl. (Denmark),Faeroe Isl. (Denmark),"Atlantic, Northeast",1977,1977,1905,1950,267832.9778,27409.54841,18419.60935,0,0.02,449.02
Denmark,Denmark,Denmark (Baltic Sea),"Atlantic, Northeast",1977,1977,1950,1950,26979,26979.06116,26206.49108,0,0,1481.9
Denmark,Denmark,Denmark (North Sea),"Atlantic, Northeast",1977,1977,1950,1950,75714.48167,74924.21466,15490.02221,0,0,1359.45
Dominica,Dominica,Dominica,"Atlantic, Western Central",1981,1980,9999,9999,28592.69655,355.9197618,355.9197618,0.011466,0.013,349.21
Dominican Republic,Dominican Republic,Dominican Republic,"Atlantic, Western Central",1977,1977,1978,9999,269489.2288,11718.85369,8311.477698,0.150646,0.134,307.78
Galapagos Isl. (Ecuador),Ecuador,Galapagos Isl. (Ecuador),"Pacific, Southeast",1952,1966,1973,1973,835540.6138,8499.991037,7985.140172,0.008849,0.168,476.03
Ecuador,Ecuador,Ecuador (mainland),"Pacific, Southeast",1952,1966,1973,1973,236555.8538,27855.19562,27201.64172,0,0.027,930.98
El Salvador,El Salvador,El Salvador,"Pacific, Eastern Central",1983,1983,9999,1981,93713.22005,17680.65131,13474.79341,0,0,510.72
Equatorial Guinea,Equatorial Guinea,Equatorial Guinea,"Atlantic, Eastern Central",1984,1984,1973,9999,308275.0112,12110.62882,11649.39002,0.028464,0.087,933.11
Estonia,Estonia,Estonia,"Atlantic, Northeast",1977,1977,1950,1950,36511.99856,36511.7901,32244.77749,0,0,2010
Fiji,Fiji,Fiji,"Pacific, Southwest",1981,1980,1974,1974,792.0822825,0,0,0,0,0.209134649
Fiji,Fiji,Fiji,"Pacific, Western Central",1981,1980,1974,1974,1280911.198,43263.56949,43263.56949,3.05259,0.874,263.0273507
Finland,Finland,Finland,"Atlantic, Northeast",2005,1965,1931,1931,81522.18087,81184.71207,68962.87816,0,0,1957.04
Tromelin Isl. (France),France,Tromelin Isl. (France),"Indian Ocean, Western",1978,1978,1950,1950,270477.1379,39.7249186,39.7249186,0.00085,0.047,236.72
Crozet Isl. (France),France,Crozet Isl. (France),"Indian Ocean, Antarctic",1978,1977,1950,1950,411668.9497,7449.499539,0,0,0.034,264.1236279
Crozet Isl. (France),France,Crozet Isl. (France),"Indian Ocean, Western",1978,1977,1950,1950,162870.3652,0,0,0,0,142.5535528
St Paul & Amsterdam Isl. (France),France,St Paul & Amsterdam Isl. (France),"Indian Ocean, Eastern",1978,1977,1950,1950,83002.59775,0,0,0,0,65.79523435
St Paul & Amsterdam Isl. (France),France,St Paul & Amsterdam Isl. (France),"Indian Ocean, Western",1978,1977,1950,1950,426011.748,163.932061,0,0,0.087,340.3980646
Kerguelen Isl. (France),France,Kerguelen Isl. (France),"Indian Ocean, Antarctic",1978,1977,1950,1950,567686.9102,63888.12978,0,0,0.054,380.3
Corsica (France),France,Corsica (France),Mediterranean and Black Sea,1977,1977,1950,1950,23833.28227,4366.9557,4366.9557,0,0,445.49
Glorioso Islands,France,Glorieuse Islands (France),"Indian Ocean, Western",1978,1978,1950,1950,43430.38865,1290.953692,829.75,0.052141,0.027,361.1
Mozambique Channel Isl. (France),France,Mozambique Channel Isl. (France),"Indian Ocean, Western",1978,1977,1950,1950,308798.9811,1800.210207,574.6101044,0.032961,0.074,494.65
St Barthelemy (France),St Barthelemy (France),St Barthelemy (France),"Atlantic, Western Central",1978,1978,1950,1950,4294.622066,1888.291981,1888.292025,0.004379,0,314.57
Clipperton Isl.  (France),France,Clipperton Isl. (France),"Pacific, Eastern Central",1978,1978,1950,1950,431273.1921,27.87400606,27.87400606,0.004615,0.269,289.73
Wallis & Futuna Isl. (France),Wallis & Futuna Isl. (France),Wallis & Futuna Isl. (France),"Pacific, Eastern Central",1978,1978,9999,9999,25409.77078,47.5960477,0,0,0.034,19.76248595
Wallis & Futuna Isl. (France),Wallis & Futuna Isl. (France),Wallis & Futuna Isl. (France),"Pacific, Western Central",1978,1978,9999,9999,232860.4018,2217.419986,483.3088723,0.222135,0.329,175.9322408
Saint Pierre & Miquelon (France),Saint Pierre & Miquelon (France),Saint Pierre & Miquelon (France),"Atlantic, Northwest",1977,1977,1960,1977,12352.84599,7843.610709,5482.033494,0,0,866.72
RÃ©union (France),RÃ©union (France),RÃ©union (France),"Indian Ocean, Western",1978,1978,9999,1950,315071.1541,595.2037306,459.0656842,0.007177,0.108,228.02
New Caledonia (France),New Caledonia (France),New Caledonia (France),"Pacific, Southwest",1978,1978,9999,9999,146508.7174,1191.103506,0,0,0.067,28.04539436
New Caledonia (France),New Caledonia (France),New Caledonia (France),"Pacific, Western Central",1978,1978,9999,9999,1276086.858,51562.85175,36464.06217,2.153572,0.679,265.9912926
Martinique (France),Martinique (France),Martinique (France),"Atlantic, Western Central",1978,1978,1976,9999,47371.50567,1230.202328,1230.202328,0.047037,0,358.9
Guadeloupe  (France),Guadeloupe  (France),Guadeloupe  (France),"Atlantic, Western Central",1978,1978,9999,9999,90570.30707,2149.958033,2149.96,0.051205,0.02,300.07
French Polynesia (France),French Polynesia,French Polynesia,"Pacific, Southwest",1978,1978,1993,1993,693098.8417,401.8637082,151.0308085,0.034261,0.37,22.93822856
French Polynesia (France),French Polynesia,French Polynesia,"Pacific, Eastern Central",1978,1978,1993,1993,4077989.161,27250.93034,26318.28995,1.645184,3.355,189.1858042
French Guiana (France),French Guiana,French Guiana,"Atlantic, Southwest",1977,1977,9999,9999,4304.346801,4283.102809,3879.539181,0,0,94.30912426
French Guiana (France),French Guiana,French Guiana,"Atlantic, Western Central",1977,1977,9999,9999,130351.6225,38792.79507,13488.25101,0,0,1166.665486
France,France,France (Atlantic Coast),"Atlantic, Northeast",1977,1977,1950,1950,245301.8616,142926.0562,80324.14673,0,0.007,885.06
France,France,France (Mediterranean),Mediterranean and Black Sea,1977,1977,1950,1950,64556.17215,13692.6788,12574.80604,0,0,571.63
Mayotte (France),Mayotte (France),Mayotte (France),"Indian Ocean, Western",1978,1978,9999,9999,62982.43568,2179.172075,1604.089062,0.160122,0.02,470.14
Djibouti,Djibouti,Djibouti,"Indian Ocean, Western",1979,1979,9999,9999,7037.017033,2236.795679,2236.795679,0.093851,0,1472.76
Gabon,Gabon,Gabon,"Atlantic, Southeast",1984,1984,1971,1971,1679.189255,0,0,0,0,12.84361169
Gabon,Gabon,Gabon,"Atlantic, Eastern Central",1984,1984,1971,1971,190264.5871,36572.18056,33209.89436,0,0,1634.732589
Georgia,Georgia,Georgia,Mediterranean and Black Sea,1977,1977,1950,1950,22947.37029,2529.026071,2529.026071,0,0,1026.8
Gambia,Gambia,Gambia,"Atlantic, Eastern Central",1977,1977,1950,1950,22650.41114,5808.016639,4106.534137,0,0,1367.93
Gaza Strip,Gaza Strip,Gaza Strip,Mediterranean and Black Sea,2010,9999,9999,9999,2590.728836,1016.48389,1016.333398,0,0,376.01
Germany,Germany,Germany (North Sea),"Atlantic, Northeast",1977,1977,1929,1929,40998.8211,40999.81553,18454.24771,0,0,1435.15
Germany,Germany,Germany (Baltic Sea),"Atlantic, Northeast",1978,1977,1929,1929,15464.69393,15464.33953,15312.86126,0,0,1655.61
Ghana,Ghana,Ghana,"Atlantic, Eastern Central",1977,1977,1950,1950,225660.8173,23820.60367,20613.01318,0.055792,0.007,686.45
Kiribati,Kiribati,Kiribati (Line Islands),"Pacific, Eastern Central",1979,1978,9999,1970,1645373.323,1211.523016,868.1057518,0.138469,1.331,313.43
Kiribati,Kiribati,Kiribati (Gilbert Islands),"Pacific, Western Central",1979,1978,9999,1970,1048696.892,5222.444685,5187.104379,0.79623,0.524,392.98
Kiribati,Kiribati,Kiribati (Phoenix Islands),"Pacific, Eastern Central",1979,1978,9999,1970,579487.1103,636.5255542,157.7912286,0.159146,0.35,232.1731251
Kiribati,Kiribati,Kiribati (Phoenix Islands),"Pacific, Western Central",1979,1978,9999,1970,163575.2382,6.799264506,0,0.0061,0.04,57.09903801
Crete (Greece),Greece,Crete (Greece),Mediterranean and Black Sea,1995,9999,1950,1950,96568.09254,3978.378864,3930.088159,0,0.02,325.09
Greece,Greece,Greece (without Crete),Mediterranean and Black Sea,1995,9999,1950,1950,397140,68519.45686,68519.45686,0,0.114,380.71
Grenada,Grenada,Grenada,"Atlantic, Western Central",1978,1978,1997,1997,26133.08653,2708.906794,1902.270523,0.03432,0,938.11
Guatemala,Guatemala,Guatemala (Pacific),"Pacific, Eastern Central",1976,1976,1999,1999,116076.1363,13920.67847,12381.18788,0,0,552.85
Guatemala,Guatemala,Guatemala (Caribbean),"Atlantic, Western Central",1976,1976,1999,1999,1600.066351,1481.363375,1481.363422,0,0,603.71
Guinea,Guinea,Guinea,"Atlantic, Eastern Central",1980,1980,1976,1976,109438.6867,49698.7483,17555.55646,0,0.034,965.3
Guyana,Guyana,Guyana,"Atlantic, Western Central",1977,1977,1978,9999,140369,50506.20287,22689.59016,0,0.007,833.33
Haiti,Haiti,Haiti,"Atlantic, Western Central",1977,1977,9999,9999,123525.2937,5672.320426,5672.320426,0.123473,0.013,314.12
Honduras,Honduras,Honduras (Caribbean),"Atlantic, Western Central",1980,1980,1950,1950,218057.1863,60303.29364,36945.20239,0.278149,0.155,377.11
Honduras,Honduras,Honduras (Pacific),"Pacific, Eastern Central",1980,1980,1950,1950,746.6278015,746.6278355,746.6277892,0,0,934.15
Iceland,Iceland,Iceland,"Atlantic, Northeast",1979,1974,1950,1950,756112,113352.1953,86350.31836,0,0.007,488.28
Indonesia,Indonesia,Indonesia (Eastern),"Pacific, Western Central",1980,1980,1950,1960,3014499.151,734484.9091,493747.1705,9.145787,1.096,565.6991988
Indonesia,Indonesia,Indonesia (Eastern),"Indian Ocean, Eastern",1980,1980,1950,1960,583667.9775,60208.04575,33230.27953,1.586116,0.061,92.95429753
Indonesia,Indonesia,Indonesia (Central),"Pacific, Western Central",1977,1980,1950,1960,1015421.028,1006984.828,523373.98,2.310726,0,909.5369322
Indonesia,Indonesia,Indonesia (Central),"Indian Ocean, Eastern",1977,1980,1950,1960,662.11,0,0.896958292,0.06,0,0.565086802
Indonesia,Indonesia,Indonesia (Indian Ocean),"Pacific, Western Central",1977,1980,1950,1960,16978.38782,16969.72511,16969.72511,0.000652,0,19.89753494
Indonesia,Indonesia,Indonesia (Indian Ocean),"Indian Ocean, Eastern",1977,1980,1950,1960,1393221.544,156769.7807,148144.3104,1.267964,0.141,522.2259336
Iran,Iran,Iran (Sea of Oman),"Indian Ocean, Western",1973,1973,1989,1970,65849.97002,17454.79319,17392.68626,0.026987,0,1428.89
Iran,Iran,Iran (Persian Gulf),"Indian Ocean, Western",1973,1973,1989,1970,97860.23156,97863.43201,67933.29636,0.139143,0,1301.1
Iraq,Iraq,Iraq,"Indian Ocean, Western",1985,9999,1950,1950,540.2412097,540.89457,531.1012151,0,0,1991.08
Ireland,Ireland,Ireland,"Atlantic, Northeast",1977,1977,1950,1950,409928.8655,141603.5516,72258.48824,0,0.013,661.36
Israel,Israel,Israel (Mediterranean),Mediterranean and Black Sea,2010,9999,1950,1950,25139.2212,2919.333335,2919.333335,0,0,342.17
Israel,Israel,Israel (Red Sea),"Indian Ocean, Western",2010,9999,1950,1950,30.89183418,14.16256724,13.68003714,0.000555,0,364.03
Sardinia (Italy),Italy,Sardinia (Italy),Mediterranean and Black Sea,1995,2006,1950,1950,117400.2163,14802.05775,14802.05775,0,0.047,411.8
Sicily (Italy),Italy,Sicily (Italy),Mediterranean and Black Sea,1995,2006,1950,1950,104873.2154,21721.12177,17877.00958,0,0.061,401.45
Italy,Italy,Italy (mainland),Mediterranean and Black Sea,1995,2006,1950,1950,315943.413,76963.97998,71999.93297,0,0.134,460.38
CÃ´te d'Ivoire,CÃ´te d'Ivoire,CÃ´te d'Ivoire,"Atlantic, Eastern Central",1977,1977,1960,1960,173763.7002,12270.10679,12269.9444,0.008824,0.007,754.76
Jamaica,Jamaica,Jamaica,"Atlantic, Western Central",1991,1991,1981,9999,263284,13873.67832,13422.1547,0.32839,0.155,322.29
Ogasawara Islands (Japan),Japan,Japan (Ogasawara Islands),"Pacific, Northwest",1977,1977,1950,1950,1082529,2547.102771,2508.051981,0.005991,1.15,226.91
Japan,Japan,Japan (main islands),"Pacific, Northwest",1977,1977,1950,1950,2589887.758,416752.2994,284112.4755,0.8797,1.271,503.14
Japan,Japan,Japan (Daito Islands),"Pacific, Western Central",1977,1977,1950,1950,180339.8454,0,0,0,0.114,47.32484333
Japan,Japan,Japan (Daito Islands),"Pacific, Northwest",1977,1977,1950,1950,612014.8971,76,75.98526913,0.004847,0.908,175.3348269
Jordan,Jordan,Jordan,"Indian Ocean, Western",1995,9999,9999,9999,96.6206755,27.59731251,27.59731251,0.001716,0,341.76
Kenya,Kenya,Kenya,"Indian Ocean, Western",1979,1979,9999,1970,162794.1044,8436.76765,8282.212915,0.175751,0,564.58
Korea (North),Korea (North),Korea (North),"Pacific, Northwest",1977,1977,1959,9999,115543.7175,35859.51165,32577.55371,0,0.007,807.68
Korea (South),Korea (South),Korea (South),"Pacific, Northwest",1996,1996,1950,1950,473279.7223,290401.0693,109580.99,0,0.007,936.51
Kuwait,Kuwait,Kuwait,"Indian Ocean, Western",1967,9999,9999,1970,11786.02609,11786.30444,9657.52641,0.0255,0,1734.62
Lebanon,Lebanon,Lebanon,Mediterranean and Black Sea,1995,9999,9999,1970,19264.97023,1396.899809,1396.899809,0,0,335.42
Latvia,Latvia,Latvia,"Atlantic, Northeast",1977,1977,1950,1950,28985.53032,28362.09053,18900.40254,0,0,1961.13
Liberia,Liberia,Liberia,"Atlantic, Eastern Central",1977,1982,1977,1977,246093.4072,18547.46464,18528.80413,0.073444,0.04,585.67
Libya,Libya,Libya,Mediterranean and Black Sea,2009,1977,1971,1971,355604.4919,67112.99267,53241.71833,0,0.034,330.01
Lithuania,Lithuania,Lithuania,"Atlantic, Northeast",1977,1977,1950,1950,6138.723175,6139.565403,3961.588274,0,0,1930.57
Madagascar,Madagascar,Madagascar,"Indian Ocean, Western",1985,1973,9999,9999,1200329.973,121864.9766,113090.8027,0.628812,0.141,490.9
Malaysia,Malaysia,Malaysia (Sabah),"Pacific, Western Central",1980,1980,1950,1982,91653.05043,54204.52166,49482.74015,0.933589,0,718.11
Malaysia,Malaysia,Malaysia (Peninsula East),"Pacific, Western Central",1980,1980,1950,1982,133402.3611,133345.8345,48581.33465,0.112533,0,659.91
Malaysia,Malaysia,Malaysia (Sarawak),"Pacific, Western Central",1980,1980,1950,1982,155875.6979,135904.1206,37183.17676,0.009393,0,802.41
Malaysia,Malaysia,Malaysia (Peninsula West),"Pacific, Western Central",1980,1980,1950,1982,6982.21597,6982.234852,6982.234852,0.00415,0,208.0417751
Malaysia,Malaysia,Malaysia (Peninsula West),"Indian Ocean, Eastern",1980,1980,1950,1982,61563.33573,61565.09917,32741.7045,0.002522,0,1146.382804
Maldives,Maldives,Maldives,"Indian Ocean, Eastern",1976,1976,9999,9999,1340.942794,0,0,0,0,0.621262004
Maldives,Maldives,Maldives,"Indian Ocean, Western",1976,1976,9999,9999,914669.8681,31488.00153,31487.79568,2.797315,0.114,382.3794164
Malta,Malta,Malta,Mediterranean and Black Sea,1978,1978,1994,1994,55541.66112,8035.607876,4992.712876,0,0.013,365.63
Mauritania,Mauritania,Mauritania,"Atlantic, Eastern Central",1978,1978,1971,1971,204596.1231,36256.01337,30595.62187,0,0,2453.7
Mauritius,Mauritius,Mauritius,"Indian Ocean, Western",1977,1977,9999,9999,1272764.637,39992.29213,10094.42706,0.299658,0.598,239.37
Mexico,Mexico,Mexico (Pacific),"Pacific, Eastern Central",1976,1976,1950,1950,2444238.104,183245.9271,170969.5,0.115753,1.251,559.84
Mexico,Mexico,Mexico (Atlantic),"Atlantic, Western Central",1976,1976,1950,1950,829311.1844,235489.5865,142490.69,0.616647,0.061,396.97
Morocco,Morocco,Morocco (Central),Mediterranean and Black Sea,1981,1980,1972,9999,193.85,0,0.00103957,0,0,0.584518422
Morocco,Morocco,Morocco (Central),"Atlantic, Eastern Central",1981,1980,1972,9999,257630.1318,55897.75485,50788.55224,0,0.013,591.7847203
Morocco,Morocco,Morocco (South),"Atlantic, Eastern Central",1981,1980,1972,9999,300942.0875,63849.01824,43380.77959,0,0.007,1405.05
Morocco,Morocco,Morocco (Mediterranean),Mediterranean and Black Sea,1981,1980,1972,9999,18301.55128,4933.146396,4553.98677,0,0,652.23
Mozambique,Mozambique,Mozambique,"Indian Ocean, Western",1976,1976,1984,1984,571451.8385,85276.09317,68599.14782,0.508656,0.013,617.56
Oman,Oman,Oman,"Indian Ocean, Western",1981,1980,9999,9999,529559.4189,47853.8212,43783.14291,0.119854,0.094,1327.04
Oman,Oman,Oman (Musandam),"Indian Ocean, Western",1981,1980,9999,9999,6678.435933,6678.246268,6678.246268,0.021315,0,1460.51
Namibia,Namibia,Namibia,"Atlantic, Southeast",1977,1990,1987,1987,560100.9084,94930.27428,66241.39332,0,0.027,1541.85
Nauru,Nauru,Nauru,"Pacific, Western Central",1978,1978,1987,1987,308505.6325,13.42019411,13.42019411,0.008636,0.054,421.54
Bonaire (Netherlands),Bonaire (Netherlands),Bonaire (Netherlands),"Atlantic, Western Central",1993,1993,1950,1950,13217.78806,268.4850638,268.4850638,0.053311,0,433.14
Sint Maarten (Netherlands),Sint Maarten,Sint Maarten (Netherlands),"Atlantic, Western Central",1993,1993,1950,1950,499.2051465,152.7716052,152.7706687,0.008743,0,336.67
Saba and Saint Eustaius (Netherlands),Saba and Saint Eustaius (Netherlands),Saba and Sint Eustaius (Netherlands),"Atlantic, Western Central",1993,1993,1950,1950,11648.33495,169.4654381,169.4654379,0.012932,0.007,372.15
Aruba (Netherlands),Aruba (Netherlands),Aruba (Netherlands),"Atlantic, Western Central",1993,1977,9999,9999,25198.87151,1503.263531,1503.263531,0.007249,0,423.65
Netherlands,Netherlands,Netherlands,"Atlantic, Northeast",1977,1977,1950,1950,61868.94966,61856.09438,21628.83231,0,0,1502.9
Vanuatu,Vanuatu,Vanuatu,"Pacific, Southwest",1982,1978,1980,1980,24184.05652,0,0,0,0,9.569874542
Vanuatu,Vanuatu,Vanuatu,"Pacific, Western Central",1982,1978,1980,1980,803442.1026,8681.038074,8233.478761,0.778556,0.316,284.7197756
Kermadec Isl. (New Zealand),New Zealand,Kermadec Isl. (New Zealand),"Pacific, Southwest",1978,1978,1950,1950,621764.2033,347.7804887,347.7804887,0,0.363,281.69
Tokelau (New Zealand),Tokelau (New Zealand),Tokelau (New Zealand),"Pacific, Eastern Central",1980,1977,1983,1983,295083.1427,279.0352704,279.0352704,0.078745,0.255,208.3300193
Tokelau (New Zealand),Tokelau (New Zealand),Tokelau (New Zealand),"Pacific, Western Central",1980,1977,1983,1983,23965.82636,0,0,0,0,16.13801841
Niue (New Zealand),Niue (New Zealand),Niue (New Zealand),"Pacific, Eastern Central",1978,1978,9999,1970,316584.3872,283.8240246,70.02769651,0.048505,0.108,159
New Zealand,New Zealand,New Zealand,"Pacific, Southwest",1978,1978,1950,1950,3479751.837,272270.7826,196576.7296,0,0.766,492.99
Cook Islands,Cook Islands,Cook Islands,"Pacific, Southwest",1977,1977,1987,1987,5880.392396,0,0,0,0,0.497456374
Cook Islands,Cook Islands,Cook Islands,"Pacific, Eastern Central",1977,1977,1987,1987,1954146.486,1213.244606,1213.244605,0.367551,0.894,197.6552185
Nicaragua,Nicaragua,Nicaragua (Pacific),"Pacific, Eastern Central",1965,1965,9999,1950,61512.90691,21921.95136,15570.73508,0.001264,0.007,636.83
Nicaragua,Nicaragua,Nicaragua (Caribbean),"Atlantic, Western Central",1965,1965,9999,1950,161240.83,61293.27997,38189.3942,0.255161,0.027,334.87
Nigeria,Nigeria,Nigeria,"Atlantic, Eastern Central",1978,1978,1977,1977,216324.8112,43513.97918,36472.44521,0,0,834.69
Jan Mayen Isl. (Norway),Norway,Jan Mayen Isl. (Norway),"Atlantic, Northeast",1980,1977,1950,1950,292189.1894,1580.062263,1519.603846,0,0.134,575.1
Svalbard Isl. (Norway),Norway,Svalbard Isl. (Norway),"Atlantic, Northeast",1977,1977,1950,1950,804906.5304,255221.7628,110202.4341,0,0.04,426.67
Bouvet Isl. (Norway),Norway,Bouvet Isl. (Norway),"Atlantic, Antarctic",1977,1977,1950,1950,441173.6167,212.6928734,0,0,0.343,273.03
Norway,Norway,Norway,"Atlantic, Northeast",1977,1977,1950,1950,935397.1144,211376.5638,112711.61,0,0,598.09
Micronesia,Micronesia,Micronesia (Federated States of),"Pacific, Western Central",1988,1988,1987,1987,2992414.636,26075.62745,16586.99017,1.542716,2.165,242.44
Marshall Isl.,Marshall Isl.,Marshall Isl.,"Pacific, Western Central",1984,1984,1996,1996,1992022.415,20890.80943,20560.90674,2.442429,1.647,224.63
Palau,Palau,Palau,"Pacific, Western Central",1978,1985,9999,1970,604252.9842,3467.228059,2989.511132,0.362216,0.867,250.85
Pakistan,Pakistan,Pakistan,"Indian Ocean, Western",1976,1976,9999,1970,222255.2572,50210.0254,33476.21307,0,0.034,1563.01
Panama,Panama,Panama (Pacific),"Pacific, Eastern Central",1967,1967,1950,1950,188619.3593,40712.2534,40712.2534,0.04523,0.094,719.16
Panama,Panama,Panama (Caribbean),"Atlantic, Western Central",1967,1967,1950,1950,142164.2976,11464.17618,11326.80617,0.169599,0,514.69
Papua New Guinea,Papua New Guinea,Papua New Guinea,"Pacific, Western Central",1978,1978,9999,9999,2396575.334,186818.6142,146250.29,4.740871,1.163,364.49
Peru,Peru,Peru,"Pacific, Southeast",1950,1947,1960,1960,856954.6784,88554.63281,71056.96583,0,0.094,1014.1
Philippines,Philippines,Philippines,"Pacific, Western Central",1979,1979,1950,1950,2162501.457,270747.6223,249167.5242,9.472467,0.316,331.2315277
Philippines,Philippines,Philippines,"Pacific, Northwest",1979,1979,1950,1950,101314.9898,680.1625339,583.0681078,0.002588,0.134,11.09900827
Poland,Poland,Poland,"Atlantic, Northeast",1977,1977,1929,1929,32057.94028,32054.04125,20243.0278,0,0,1701.43
Madeira Isl. (Portugal),Madeira Isl. (Portugal),Madeira Isl. (Portugal),"Atlantic, Eastern Central",1977,1977,1950,1950,439161.2701,1137.309319,1032.739733,0,0.114,300.598995
Madeira Isl. (Portugal),Madeira Isl. (Portugal),Madeira Isl. (Portugal),"Atlantic, Northeast",1977,1977,1950,1950,15297.65548,0,0,0,0.013,10.46662906
Azores Isl. (Portugal),Azores Isl. (Portugal),Azores Isl. (Portugal),"Atlantic, Eastern Central",1977,1977,1950,1950,162232.4021,0,0,0,0.027,54.68387794
Azores Isl. (Portugal),Azores Isl. (Portugal),Azores Isl. (Portugal),"Atlantic, Northeast",1977,1977,1950,1950,793411.2599,2165.836118,2071.161102,0,0.363,341.6676621
Portugal,Portugal,Portugal (mainland),"Atlantic, Eastern Central",1977,1977,1950,1950,45204.2693,0,0,0,0.013,50.5394541
Portugal,Portugal,Portugal (mainland),"Atlantic, Northeast",1977,1977,1950,1950,266443.8051,24605.54972,23806.85209,0,0.141,472.7964033
Guinea-Bissau,Guinea-Bissau,Guinea-Bissau,"Atlantic, Eastern Central",1978,1978,1979,1979,105839.1569,38155.24997,24590.29514,0,0.02,1043.68
Timor Leste,Timor Leste,Timor Leste,"Pacific, Western Central",2002,2002,9999,9999,84.06371911,0,0,0,0,0.601975475
Timor Leste,Timor Leste,Timor Leste,"Indian Ocean, Eastern",2002,2002,9999,9999,76967.2441,25987.61698,2862.066839,0.152404,0,579.9166144
Qatar,Qatar,Qatar,"Indian Ocean, Western",1974,1974,9999,9999,31819.0175,31817.74167,24274.28903,0.185622,0,1180.11
Romania,Romania,Romania,Mediterranean and Black Sea,1986,1986,1950,1950,29756.1397,23283.1555,10789.64815,0,0,1266.53
Russian Federation,Russian Federation,Russia (Black Sea),Mediterranean and Black Sea,1977,1977,1950,1950,67350.67006,19828.46211,18905.59006,0,0,1050.88
Russian Federation,Russian Federation,Russia (Kara Sea),"Atlantic, Northeast",1977,1977,1950,1950,3.583367565,0,589.4474076,0,0,0
Russian Federation,Russian Federation,Russia (Kara Sea),Arctic Sea,1977,1977,1950,1950,1058125.257,800639.6907,164043.35,0,0.007,338.0288553
Russian Federation,Russian Federation,Russia (Barents Sea),"Atlantic, Northeast",1977,1977,1950,1950,1199008.166,606133.1199,280509.47,0,0,393.3599221
Russian Federation,Russian Federation,Russia (Barents Sea),Arctic Sea,1977,1977,1950,1950,0.237402193,0,16.60827784,0,0,0
Russian Federation,Russian Federation,Russia (Far East),"Pacific, Northeast",1977,1977,1950,1950,34565.40339,34547.3065,23726.09706,0,0,6.982970955
Russian Federation,Russian Federation,Russia (Far East),"Pacific, Northwest",1977,1977,1950,1950,3412584.395,932890.3804,599839.824,0,0.309,708.6818989
Russian Federation,Russian Federation,Russia (Laptev to Chukchi Sea),Arctic Sea,1977,1977,1950,1950,2088075.403,1709179.727,260076.55,0,0,257.99
Russian Federation,Russian Federation,Russia (Baltic Sea),"Atlantic, Northeast",1977,1977,1950,1950,23240.7879,23241.39717,19869.58659,0,0,2329.02
Saint Kitts & Nevis,Saint Kitts & Nevis,Saint Kitts & Nevis,"Atlantic, Western Central",1984,1984,1958,9999,10208.69005,855.0721647,633.9244335,0.03305,0,358.56
Saint Lucia,Saint Lucia,Saint Lucia,"Atlantic, Western Central",1984,1984,9999,9999,15472.25083,593.0149459,593.0149462,0.024508,0,427.41
Saint Vincent & the Grenadines,Saint Vincent & the Grenadines,Saint Vincent & the Grenadines,"Atlantic, Western Central",1983,1983,1950,1950,36303.8134,2339.966316,2222.636152,0.034544,0.034,561.91
Sao Tome & Principe,Sao Tome & Principe,Sao Tome & Principe,"Atlantic, Eastern Central",1978,1978,1975,9999,165345.3999,1970.510408,1970.510408,0.034073,0.02,687.37
Saudi Arabia,Saudi Arabia,Saudi Arabia (Red Sea),"Indian Ocean, Western",2011,9999,1950,1950,186391.6537,69755.79248,69755.79248,1.531554,0,725.24
Saudi Arabia,Saudi Arabia,Saudi Arabia (Persian Gulf),"Indian Ocean, Western",2011,9999,1950,1950,33792.49507,33790.52729,26565.13266,0.052,0,1137.28
Senegal,Senegal,Senegal,"Atlantic, Eastern Central",1976,1976,1950,1950,157708.5258,23892.88272,18411.90533,0.01111,0.007,1393.03
Seychelles,Seychelles,Seychelles,"Indian Ocean, Western",1977,1977,1990,1990,1331964.482,54832.53668,31750.0189,0.459053,0.693,357.03
Sierra Leone,Sierra Leone,Sierra Leone,"Atlantic, Eastern Central",1971,1971,1977,1977,159299.8113,26610.70355,18301.45249,0.031887,0,651.22
Singapore,Singapore,Singapore,"Pacific, Western Central",2008,2008,9999,1970,673.3363315,674.4806413,674.4806413,0.011818,0,1931.71
Viet Nam,Viet Nam,Viet Nam,"Pacific, Western Central",1977,1977,1950,9999,1068405.639,301791.1871,107486.6527,1.97843,0.027,296.7742294
Viet Nam,Viet Nam,Viet Nam,"Pacific, Northwest",1977,1977,1950,9999,326690.4046,129720.1514,68735.88545,0.321642,0,122.2346842
Slovenia,Slovenia,Slovenia,Mediterranean and Black Sea,2005,2005,9999,9999,191.9123141,191.9127916,191.9123132,0,0,341.15
Somalia,Somalia,Somalia,"Indian Ocean, Western",1972,1971,9999,9999,831058.734,50878.08784,50065.16835,0.1964,0.067,848.52
Prince Edward Isl. (South Africa),South Africa,Prince Edward Isl. (South Africa),"Indian Ocean, Antarctic",1977,1977,1950,1950,382182.3963,2093.00056,0,0,0.282,286.606141
Prince Edward Isl. (South Africa),South Africa,Prince Edward Isl. (South Africa),"Indian Ocean, Western",1977,1977,1950,1950,91188.23135,11.09521444,0,0,0.054,78.5685251
South Africa,South Africa,South Africa (Indian Ocean Coast),"Indian Ocean, Western",1977,1977,1950,1950,318168.6374,9287.548998,9287.548998,0.01746,0.007,283.2180081
South Africa,South Africa,South Africa (Indian Ocean Coast),"Atlantic, Southeast",1977,1977,1950,1950,373175.0409,86738.40896,44628.96588,0,0.101,459.5652033
South Africa,South Africa,South Africa (Atlantic and Cape),"Atlantic, Southeast",1977,1977,1950,1950,374596.6048,64165.70064,41533.45846,0,0.061,1156.44
Canary Isl. (Spain),Spain,Canary Isl. (Spain),"Atlantic, Eastern Central",1978,1978,1950,1950,455328,6366.486905,5957.222276,0,0.168,380.55
Balearic Islands (Spain),Spain,Balearic Islands (Spain),Mediterranean and Black Sea,1978,1978,1950,1950,128053.0537,11182.43075,11039.62962,0,0,411.77
Spain,Spain,Spain (Northwest),"Atlantic, Northeast",1978,1978,1950,1950,289299.4218,22943.84215,22899.99193,0,0.094,607.4
Spain,Spain,"Spain (mainland, Med and Gulf of Cadiz)",Mediterranean and Black Sea,1978,1978,1950,1950,132748.2216,29590.84792,28976.26305,0,0.02,494.6553014
Spain,Spain,"Spain (mainland, Med and Gulf of Cadiz)","Atlantic, Eastern Central",1978,1978,1950,1950,2294.582599,234.2915368,234.2915368,0,0,7.856860836
Spain,Spain,"Spain (mainland, Med and Gulf of Cadiz)","Atlantic, Northeast",1978,1978,1950,1950,13116.20263,7489.629975,7474.629975,0,0,106.9372514
Sudan,Sudan,Sudan,"Indian Ocean, Western",1970,9999,9999,9999,92513.22195,23354.01198,23248.4129,0.845147,0,713.67
Suriname,Suriname,Suriname,"Atlantic, Western Central",1978,1978,1950,9999,127816.5257,53738.3095,18421.96806,0,0,867.52
Sweden,Sweden,Sweden (West Coast),"Atlantic, Northeast",1978,1978,1950,1950,14468.15529,12787.98315,12777.05387,0,0,1692.28
Sweden,Sweden,Sweden (Baltic),"Atlantic, Northeast",1978,1978,1950,1950,142457.9604,141867.6288,114177.97,0,0,1779.63
Syrian Arab Republic,Syrian Arab Republic,Syria,Mediterranean and Black Sea,2003,2003,9999,1970,10188.84062,960.1007923,960.1007923,0,0,350.12
Thailand,Thailand,Thailand (Gulf of Thailand),"Pacific, Western Central",1981,1980,1970,1970,187064.3939,186974.1197,87774.05938,0.254733,0,759.36
Thailand,Thailand,Thailand (Andaman Sea),"Indian Ocean, Eastern",1981,1980,1970,1970,118714.1003,51406.37594,42579.17113,0.229637,0,668.36
Togo,Togo,Togo,"Atlantic, Eastern Central",1977,1977,1965,1965,15441.69883,1166.753454,1166.751505,0,0,744.88
Tonga,Tonga,Tonga,"Pacific, Southwest",1979,1979,9999,1970,22070.04088,0,0,0,0.007,8.911002353
Tonga,Tonga,Tonga,"Pacific, Eastern Central",1979,1979,9999,1970,362067.2423,6485.180309,6208.485961,0.305819,0.235,108.9821892
Tonga,Tonga,Tonga,"Pacific, Western Central",1979,1979,9999,1970,280613.8568,2102.820601,1551.51775,0.184238,0.249,99.9697023
Trinidad & Tobago,Trinidad & Tobago,Trinidad & Tobago,"Atlantic, Western Central",1983,1984,1960,1960,79798,23236.24758,18716.51384,0.013261,0,1088.19
United Arab Emirates,United Arab Emirates,United Arab Emirates (Fujairah),"Indian Ocean, Western",1980,1980,9999,1970,4370.549128,3558.482601,3375.738582,0,0,1196.34
United Arab Emirates,United Arab Emirates,United Arab Emirates,"Indian Ocean, Western",1980,1980,9999,1970,52455.1009,52454.882,51330.15572,0.36179,0,1066.46
Tunisia,Tunisia,Tunisia,Mediterranean and Black Sea,2005,2005,1984,1984,102047.0789,68499.1756,44652.71248,0,0.007,476.13
Turkey,Turkey,Turkey (Mediterranean Sea),Mediterranean and Black Sea,1982,9999,1950,9999,72194.71014,26000.86255,26000.86255,0,0.013,426.42
Turkey,Turkey,Turkey (Marmara Sea),Mediterranean and Black Sea,1982,9999,1950,9999,11653.08878,7369.306163,7369.306163,0,0,1188.56
Turkey,Turkey,Turkey (Black Sea),Mediterranean and Black Sea,1986,9999,1950,9999,172484.4286,18898.61521,18898.61521,0,0,906.53
Tuvalu,Tuvalu,Tuvalu,"Pacific, Western Central",1979,1979,1981,9999,751671.5611,4449.15689,1414.053835,0.346905,0.524,215.76
Ukraine,Ukraine,Ukraine,Mediterranean and Black Sea,1977,1977,1950,1950,132413.7756,73847.09268,59011.44981,0,0,972.96
Egypt,Egypt,Egypt (Red Sea),"Indian Ocean, Western",1983,1982,1950,1950,91279.27206,23180.21151,23180.21151,1.246518,0,540.61
Egypt,Egypt,Egypt (Mediterranean),Mediterranean and Black Sea,1983,1982,1950,1950,169124.5027,31016.88553,29158.15318,0,0,336.9
South Orkney Islands (UK),United Kingdom,South Orkney Islands (UK),"Atlantic, Antarctic",1982,9999,1950,1950,380022.8943,4865,0,0,0.188,331.2055265
South Orkney Islands (UK),United Kingdom,South Orkney Islands (UK),"Atlantic, Southwest",1982,9999,1950,1950,10251.35214,0,0,0,0,8.633978489
Ascension Isl. (UK),Ascension Isl. (UK),Ascension Isl. (UK),"Atlantic, Southeast",1978,1992,1950,1950,373325.1163,123.1629042,114.7453241,0,0.161,249.4262761
Ascension Isl. (UK),Ascension Isl. (UK),Ascension Isl. (UK),"Atlantic, Eastern Central",1978,1992,1950,1950,68316.57352,0,0,0,0,64.81263386
South Georgia & Sandwich Isl. (UK),United Kingdom,South Georgia & Sandwich Isl. (UK),"Atlantic, Antarctic",1993,1977,1950,1950,1203154.529,21579.15,21579.15,0,0.484,379.92
Tristan da Cunha Isl. (UK),Tristan da Cunha Isl. (UK),Tristan da Cunha Isl. (UK),"Atlantic, Southeast",1977,1992,1950,1950,754681.5635,1644.542983,392.4856558,0,0.397,451.19
Channel Isl. (UK),Channel Isl. (UK),Channel Isl. (UK),"Atlantic, Northeast",1977,1977,1977,1977,11646.85862,11646.86311,10828.2525,0,0,1147.62
United Kingdom,United Kingdom,United Kingdom (UK),"Atlantic, Northeast",1977,1977,1950,1950,756638.8532,538220.669,271151.9363,0,0.027,850.45
Turks & Caicos Isl. (UK),Turks & Caicos Isl. (UK),Turks & Caicos Isl. (UK),"Atlantic, Western Central",1978,1977,9999,1970,153532.8427,5559.812573,5559.812573,1.628344,0.101,222.2
Anguilla (UK),Anguilla (UK),Anguilla (UK),"Atlantic, Western Central",1981,1977,9999,9999,92177.79261,2119.793466,2030.504731,0.005942,0.027,228.21
Saint Helena (UK),Saint Helena (UK),Saint Helena (UK),"Atlantic, Southeast",1977,1977,1950,1950,444897.9875,985.1262519,195.8678967,0,0.141,253.2
Pitcairn (UK),Pitcairn (UK),Pitcairn (UK),"Pacific, Southwest",1997,1977,9999,9999,365330.7083,28.70448362,28.70448362,0,0.067,51.85223474
Pitcairn (UK),Pitcairn (UK),Pitcairn (UK),"Pacific, Eastern Central",1997,1977,9999,9999,470772.0242,126.1562035,0,0.015811,0.215,73.69266973
Montserrat (UK),Montserrat (UK),Montserrat (UK),"Atlantic, Western Central",1983,1977,9999,9999,7586.077572,167.6814004,167.6814004,0,0,354.36
Falkland Isl. (UK),Falkland Isl. (UK),Falkland Isl. (UK),"Atlantic, Southwest",1986,1977,9999,1950,549974.1846,165342.5526,50838.93974,0,0.027,900.14
Cayman Isl. (UK),Cayman Isl. (UK),Cayman Isl. (UK),"Atlantic, Western Central",1977,1977,9999,1970,119134,506.0345982,506.0345983,0.04734,0.255,285.88
Virgin Isl. (UK),British Virgin Isl. (UK),British Virgin Isl. (UK),"Atlantic, Western Central",1977,1977,1950,9999,80111.34926,3092.816502,3085.434743,0.079065,0.007,231.96
"Chagos Archipel., Brit. Ind. Oc. Terr. (UK)",Brit. Indian Ocean Terr. (UK),Chagos Archipelago (UK),"Indian Ocean, Western",2003,1977,9999,9999,638555.4985,21653.98133,12131.26921,1.721485,0.188,303.33
Bermuda (UK),Bermuda (UK),Bermuda (UK),"Atlantic, Western Central",1977,1977,1970,1970,425835.6998,1139.701518,996.4180267,0.107147,0.094,287.2362684
Bermuda (UK),Bermuda (UK),Bermuda (UK),"Atlantic, Northwest",1977,1977,1970,1970,24511.71368,0,0,0,0.007,19.55940939
Tanzania,Tanzania,Tanzania,"Indian Ocean, Western",1989,1989,9999,1970,241129.1974,18986.75749,18986.75749,0.872476,0,530.15
Palmyra Isl. & Kingman Reef (USA),USA,Palmyra Atoll & Kingman Reef (USA),"Pacific, Eastern Central",1983,1977,1950,1950,352525.9566,153.2998823,91.53375616,0.035213,0.444,309.74
Alaska (USA),USA,"USA (Alaska, Subarctic)","Pacific, Northeast",1983,1977,1950,1950,2258519.064,994480.2658,470399.0204,0,0.424,358.1460844
Alaska (USA),USA,"USA (Alaska, Subarctic)","Pacific, Northwest",1983,1977,1950,1950,933774.724,92788.35401,27475.48705,0,0.04,294.0534665
Alaska (USA),USA,"USA (Alaska, Arctic)",Arctic Sea,1983,1977,1950,1950,508814.3292,283232.5633,83220.31071,0,0,341.62
Baker & Howland Isl. (USA),USA,Howland & Baker Isl. (USA),"Pacific, Eastern Central",1983,1977,1950,1950,81107.37081,138.311262,0,0.091365,0,79.72334156
Baker & Howland Isl. (USA),USA,Howland & Baker Isl. (USA),"Pacific, Western Central",1983,1977,1950,1950,353814.201,9.688738,0,0.002344,0.141,331.734189
Hawaii (USA),USA,Hawaii Main Islands (USA),"Pacific, Eastern Central",1983,1977,1950,1950,896001.83,6808.688489,6808.688489,0.124038,0.672,225.51
Hawaii (USA),USA,Hawaii Northwest Islands (USA),"Pacific, Eastern Central",1983,1977,1950,1950,1079113.516,11956.89077,4745.522574,0.124755,1.069,154.7771768
Hawaii (USA),USA,Hawaii Northwest Islands (USA),"Pacific, Northwest",1983,1977,1950,1950,499566.7419,1745.58042,1389.466863,0.073467,0.323,86.77893256
Johnston Isl. (USA),Johnston Atoll (USA),Johnston Atoll (USA),"Pacific, Eastern Central",1983,1977,1950,1950,442628.9795,223.2245109,223.2245117,0.061111,0.679,199.74
Jarvis Isl. (USA),USA,Jarvis Isl. (USA),"Pacific, Eastern Central",1983,1977,1950,1950,316555.0776,14.50258837,0,0.001491,0.161,408.34
Wake Isl. (USA),USA,Wake Isl. (USA),"Pacific, Western Central",1983,1977,1950,1950,248864.5855,241.5757968,31.44641047,0.008651,0.202,100.9666137
Wake Isl. (USA),USA,Wake Isl. (USA),"Pacific, Northwest",1983,1977,1950,1950,158373.0678,107.3664216,0,0,0.067,69.55403791
US Virgin Isl.,US Virgin Isl.,US Virgin Isl.,"Atlantic, Western Central",1983,1977,9999,1950,33747.91956,2098.121582,2098.121582,0.049096,0.007,360.5
USA,USA,USA (East Coast),"Atlantic, Western Central",1983,1977,1950,1950,438877.2602,120871.3383,73674.87824,0.303472,0,288.3583872
USA,USA,USA (East Coast),"Atlantic, Northwest",1983,1977,1950,1950,487189.9865,240514.8895,119684.8736,0,0.04,584.8748775
USA,USA,USA (Gulf of Mexico),"Atlantic, Western Central",1983,1977,1950,1950,695564.6614,335908.2825,160762.2,0.059114,0,712.6
USA,USA,USA (West Coast),"Pacific, Eastern Central",1983,1977,1950,1950,509395.1677,25864.55848,20801.40841,0,0.296,475.831849
USA,USA,USA (West Coast),"Pacific, Northeast",1983,1977,1950,1950,312284.1037,40643.86487,38137.31677,0,0.101,337.0184224
Puerto Rico (USA),Puerto Rico (USA),Puerto Rico (USA),"Atlantic, Western Central",1983,1977,9999,1970,177327.3146,5670.962839,5556.955521,0.128081,0.047,324.19
North Marianas (USA),North Marianas (USA),Northern Marianas (USA),"Pacific, Western Central",1983,1977,9999,1950,518588.7306,974.9678216,795.9339606,0.008737,0.914,125.1204684
North Marianas (USA),North Marianas (USA),Northern Marianas (USA),"Pacific, Northwest",1983,1977,9999,1950,230278.4457,28.67087411,28.67087411,0,0.329,61.71572946
Guam (USA),Guam (USA),Guam (USA),"Pacific, Western Central",1983,1977,9999,1950,221898.9378,394.6442421,215.7437088,0.036478,0.336,174.5
American Samoa (USA),American Samoa,American Samoa,"Pacific, Eastern Central",1983,1977,1950,1950,404367,551.8323808,489.9645461,0.070269,0.229,184.27
Uruguay,Uruguay,Uruguay,"Atlantic, Southwest",1969,1969,1956,1956,133014.3992,68560.56396,29819.73193,0,0,1510.17
Venezuela,Venezuela,Venezuela,"Atlantic, Western Central",1978,1978,1977,1977,474768.6936,107559.5717,105713.838,0.132878,0.101,795.66
Samoa,Samoa,Samoa,"Pacific, Eastern Central",1977,1977,1983,1983,131534.6844,2233.803553,2004.162676,0.138353,0.094,195.59
Montenegro,Montenegro,Montenegro,Mediterranean and Black Sea,1994,9999,9999,1950,7460.283787,3849.469934,3849.469934,0,0,509.45
St Martin,St Martin,St Martin (France),"Atlantic, Western Central",1978,1978,9999,9999,1065.940288,402.5778317,402.5778317,0.011275,0,334.71
Curacao,Curacao,CuraÃ§ao (Netherlands),"Atlantic, Western Central",1993,1977,2003,9999,30426.71519,251.3756648,251.3756648,0.028605,0.007,416.62
Andaman & Nicobar Isl. (India),India,Andaman & Nicobar Isl. (India),"Indian Ocean, Eastern",1977,1977,1974,1974,659590.0349,30403.22369,29107.31214,1.820086,0.087,456.61
India,India,India (mainland),"Indian Ocean, Eastern",1977,1977,1974,1974,622640.552,118696.6562,96359.38846,0.145912,0,374.0678678
India,India,India (mainland),"Indian Ocean, Western",1977,1977,1974,1974,1006966.886,274829.848,128669.2624,0.514189,0.168,573.7571766
Yemen,Yemen,Yemen (Red Sea),"Indian Ocean, Western",1978,1978,9999,1970,35860.76113,25923.14924,24906.97339,0.268619,0,1313.37
Yemen,Yemen,Yemen (Arabian Sea),"Indian Ocean, Western",1978,1978,9999,1970,509240.3293,28566.37966,28398.98389,0.001951,0.296,1078.71
Cyprus,North Cyprus,Cyprus (North),Mediterranean and Black Sea,2003,2003,9999,9999,17676.26405,1464.217862,1375.810029,0,0,346.18
Cyprus,South Cyprus,Cyprus (South),Mediterranean and Black Sea,2003,2003,9999,9999,80411.60753,1730.646413,1730.646413,0,0.007,316.22